candi,candiprambanan
candi,candi prambanan
candi,prambanantemple 
candi,candi roro jonggrang
candi,candi sewu
candi,visitborobudur
candi,candiborobudur
candi,borobudurtemple
candi,borobudur temple 
candi,prambanan temple
candi,visitprambanan
candi,candi prambanan jonggrang
candi,candikalasan
candi,kalasantemple
candi,kalasan temple
candi,candikalasan
candi,candisari
candi,candisari
candi,wisatacandi
candi,dolancandi
candi,saritemple
candi,candi boko temple
candi,candiboko
candi,candiratuboko
candi,keratonratuboko
candi,bokotemple
candi,ratubokotemple
candi,ratuboko
candi,candisambisari
candi,sambisaritemple
candi,candi sambisari
candi,candi ijo temple
candi,candiijo
candi,candiijojogja
candi,ijotemple
candi,abangtemple
candi,candiabang
candi,gebang
candi,gebangtemple
candi,candi gebang temple
candi,candigebang
candi,candi banyunibo temple
candi,candibanyunibo
candi,banyunibotemple
candi,candisambisari temple
candi,candimendut
candi,menduttemle
candi,candi mendut temple
candi,candipawon
candi,pawontemple
candi,candi kedulan temple
candi,candikedulan
candi,kedulantemple
candi,candi plaosan temple
candi,candiplaosan
candi,plaosantemple
candi,candisewu
candi,sewutemple
candi,candiprambanan
candi,candi prambanan
candi,prambanantemple 
candi,candi roro jonggrang
candi,candi sewu
candi,visitborobudur
candi,candiborobudur
candi,borobudurtemple
candi,borobudur temple 
candi,prambanan temple
candi,visitprambanan
candi,candi prambanan jonggrang
candi,candikalasan
candi,kalasantemple
candi,kalasan temple
candi,candikalasan
candi,candisari
candi,candisari
candi,wisatacandi
candi,dolancandi
candi,saritemple
candi,candi boko temple
candi,candiboko
candi,candiratuboko
candi,keratonratuboko
candi,bokotemple
candi,ratubokotemple
candi,ratuboko
candi,candisambisari
candi,sambisaritemple
candi,candi sambisari
candi,candi ijo temple
candi,candiijo
candi,candiijojogja
candi,ijotemple
candi,abangtemple
candi,candiabang
candi,gebang
candi,gebangtemple
candi,candi gebang temple
candi,candigebang
candi,candi banyunibo temple
candi,candibanyunibo
candi,banyunibotemple
candi,candisambisari temple
candi,candimendut
candi,menduttemle
candi,candi mendut temple
candi,candipawon
candi,pawontemple
candi,candi kedulan temple
candi,candikedulan
candi,kedulantemple
candi,candi plaosan temple
candi,candiplaosan
candi,plaosantemple
candi,candisewu
candi,sewutemple
candi,candiprambanan
candi,candi prambanan
candi,prambanantemple 
candi,candi roro jonggrang
candi,candi sewu
candi,visitborobudur
candi,candiborobudur
candi,borobudurtemple
candi,borobudur temple 
candi,prambanan temple
candi,visitprambanan
candi,candi prambanan jonggrang
candi,candikalasan
candi,kalasantemple
candi,kalasan temple
candi,candikalasan
candi,candisari
candi,candisari
candi,wisatacandi
candi,dolancandi
candi,saritemple
candi,candi boko temple
candi,candiboko
candi,candiratuboko
candi,keratonratuboko
candi,bokotemple
candi,ratubokotemple
candi,ratuboko
candi,candisambisari
candi,sambisaritemple
candi,candi sambisari
candi,candi ijo temple
candi,candiijo
candi,candiijojogja
museum/sejarah,kratonjogja
museum/sejarah,pagelaran
museum/sejarah,tamansari water castle
museum/sejarah,tamamansariwatercastle
museum/sejarah,tamansari
museum/sejarah,taman sari
museum/sejarah,museum sosonobudoyo
museum/sejarah,museumsosonobudoyo
museum/sejarah,sosonobudoyomuseum
museum/sejarah,museum sasmitaloka
museum/sejarah,museumsasmitaloka
museum/sejarah,sasmitalokamuseum
museum/sejarah,museum sasana wiratama
museum/sejarah,sasanawiratama
museum/sejarah,museumsasanawiratama
museum/sejarah,sasanawiratamamuseum
museum/sejarah,purapakualaman
museum/sejarah,puropakualaman
museum/sejarah,puro pakualaman
museum/sejarah,themuseumbatik
museum/sejarah,batikmuseum
museum/sejarah,museumbatik
museum/sejarah,gedungagung
museum/sejarah,benteng vredeburg 
museum/sejarah,bentengvredeburg
museum/sejarah,bnteng vredeburg
museum/sejarah,makam raja mataram
museum/sejarah,makamraja
museum/sejarah,rajamataram
museum/sejarah,makamrajamataram
museum/sejarah,museum bahari
museum/sejarah,museumbahari
museum/sejarah,baharimuseum
museum/sejarah,museum kraton
museum/sejarah,museumkeretakeraton
museum/sejarah,keretakeratonmuseum
museum/sejarah,museumsandi
museum/sejarah,rumahsandi
museum/sejarah,monumensandi
museum/sejarah,museum sandi
museum/sejarah,museumaffandi
museum/sejarah,affandimuseum
museum/sejarah,musbiougm
museum/sejarah,makam raja-raja
museum/sejarah,makamrajaraja
museum/sejarah,museumsandi
museum/sejarah,museumsandiina
museum/sejarah,kolongtangga
museum/sejarah,museum tni-au
museum/sejarah,museumtniau
museum/sejarah,jendelamerapi
museum/sejarah,museum ullen sentalu
museum/sejarah,ullensentalu
museum/sejarah,ullensentalumuseum
museum/sejarah,ulensentalu
museum/sejarah,museumwayang
museum/sejarah,wayangmuseum
museum/sejarah,tanijawa
museum/sejarah,tanijawamuseum
museum/sejarah,museumtanijawa
museum/sejarah,rumahtembi
museum/sejarah,museum tembi
museum/sejarah,museumtembi
museum/sejarah,tembimuseum
museum/sejarah,museumtamansiswa
museum/sejarah,tamansiswamuseum
museum/sejarah,museumpusatdarma
museum/sejarah,pusatdarmamuseum
museum/sejarah,museumperjuangan
museum/sejarah,perjuanganmuseum
museum/sejarah,museumsasmitalokapangsarsudirman
museum/sejarah,makamimogiri
museum/sejarah,museumgeospasial
museum/sejarah,geospasialmuseum
museum/sejarah,museumsuharto
museum/sejarah,suhartomuseum
museum/sejarah,museumgunungmerapi
museum/sejarah,museumpendidikan
museum/sejarah,pendidikanmuseum
museum/sejarah,geoteknologimuseum
museum/sejarah,museumgeoteknologi
museum/sejarah,museum
museum/sejarah,dolanmuseum
museum/sejarah,wisatamuseum
museum/sejarah,museum sejarah
museum/sejarah,museumsejarah
museum/sejarah,kratonjogja
museum/sejarah,pagelaran
museum/sejarah,Tamansari Taman sari water castle 
museum/sejarah,tamansariwatercastle
museum/sejarah,tamansari
museum/sejarah,museum sosonobudoyo
museum/sejarah,museumsosonobudoyo
museum/sejarah,sosonobudoyomuseum
museum/sejarah,museum sasmitaloka
museum/sejarah,museumsasmitaloka
museum/sejarah,sasmitalokamuseum
museum/sejarah,museum sasana wiratama
museum/sejarah,sasanawiratama
museum/sejarah,museumsasanawiratama
museum/sejarah,sasanawiratamamuseum
museum/sejarah,purapakualaman
museum/sejarah,puropakualaman
museum/sejarah,puro pakualaman
museum/sejarah,themuseumbatik
museum/sejarah,batikmuseum
museum/sejarah,museumbatik
museum/sejarah,gedungagung
museum/sejarah,benteng vredeburg 
museum/sejarah,bentengvredeburg
museum/sejarah,bnteng vredeburg
museum/sejarah,makam raja mataram
museum/sejarah,makamraja
museum/sejarah,rajamataram
museum/sejarah,makamrajamataram
museum/sejarah,museum bahari
museum/sejarah,museumbahari
museum/sejarah,baharimuseum
museum/sejarah,museum kraton
museum/sejarah,museumkeretakeraton
museum/sejarah,keretakeratonmuseum
museum/sejarah,museumsandi
museum/sejarah,rumahsandi
museum/sejarah,monumensandi
museum/sejarah,museum sandi
museum/sejarah,museumaffandi
museum/sejarah,affandimuseum
museum/sejarah,musbiougm
museum/sejarah,makam raja-raja
museum/sejarah,makamrajaraja
museum/sejarah,museumsandi
museum/sejarah,museumsandiina
museum/sejarah,kolongtangga
museum/sejarah,museum tni-au
museum/sejarah,museumtniau
museum/sejarah,jendelamerapi
museum/sejarah,museum ullen sentalu
museum/sejarah,ullensentalu
museum/sejarah,ullensentalumuseum
museum/sejarah,ulensentalu
museum/sejarah,museumwayang
museum/sejarah,wayangmuseum
museum/sejarah,tanijawa
museum/sejarah,tanijawamuseum
museum/sejarah,museumtanijawa
museum/sejarah,rumahtembi
museum/sejarah,museum tembi
museum/sejarah,museumtembi
museum/sejarah,tembimuseum
museum/sejarah,tourguide museumdemata
wisatakeluarga,tamanpintar
wisatakeluarga,tamanpelangi
wisatakeluarga,glzoo
wisatakeluarga,tamanpintar
wisatakeluarga,taman pintar
wisatakeluarga,gembiraloka
wisatakeluarga,glzoojogja
wisatakeluarga,gembiralokazoo
wisatakeluarga,gembiraloka zoo
wisatakeluarga,plasma nutfah
wisatakeluarga,kebunplasmanutfah
wisatakeluarga,plasmanutfah
wisatakeluarga,monjalijogja
wisatakeluarga,monumenjogjakembali
wisatakeluarga,monumen
wisatakeluarga,tamanrekreasikaliurang
wisatakeluarga,visitkaliurang
wisatakeluarga,kaliurangnationalpark
wisatakeluarga,merapinationalpark
wisatakeluarga,merapigolfjogja
wisatakeluarga,merapigolf
wisatakeluarga,kebun buah mangunan
wisatakeluarga,kebunbuahmangunan
wisatakeluarga,pemandiantanjungsari
wisatakeluarga,pemandian tanjungsari
wisatakeluarga,alkid
wisatakeluarga,alunalunkidul
wisatakeluarga,sekaten
wisatakeluarga,alunalunutara
wisatakeluarga,alun - alun
wisatakeluarga,alun-alun
wisatakeluarga,sekaten
wisatakeluarga,tamanpelangijgj
wisatakeluarga,tamanlampion
wisatakeluarga,taman lampion
wisatakeluarga,tamanpelangi
wisatakeluarga,rainbowpark
wisatakeluarga,taman lampion
wisatakeluarga,jogjabay
wisatakeluarga,jogjabaywaterpark
wisatakeluarga,waterpark
wisatakeluarga,jogjapiratebay
wisatakeluarga,pirate
wisatakeluarga,piratebay
wisatakeluarga,jogjabay
wisatakeluarga,promojogjabay
wisatakeluarga,upside down
wisatakeluarga,upside-down
wisatakeluarga,upsidedownworld
wisatakeluarga,upsidedownjogja
wisatakeluarga,upsidedownworldjogja
wisatakeluarga,kusumaedupark
wisatakeluarga,sindukusumaedupark
wisatakeluarga,sindu kusuma edupark
wisatakeluarga,eduparkkusuma
wisatakeluarga,malioboro
wisatakeluarga,Malioboro jogja
wisatakeluarga,malioborostreet
wisatakeluarga,tamanpintar
wisatakeluarga,tamanpelangi
wisatakeluarga,glzoo
wisatakeluarga,taman pintar
wisatakeluarga,taman pintar
wisatakeluarga,gembiraloka
wisatakeluarga,glzoojogja
wisatakeluarga,gembiralokazoo
wisatakeluarga,gembiraloka zoo
wisatakeluarga,plasma nutfah
wisatakeluarga,kebunplasmanutfah
wisatakeluarga,plasmanutfah
wisatakeluarga,monjalijogja
wisatakeluarga,monumenjogjakembali
wisatakeluarga,monumen
wisatakeluarga,tamanrekreasikaliurang
wisatakeluarga,visitkaliurang
wisatakeluarga,kaliurangnationalpark
wisatakeluarga,merapinationalpark
wisatakeluarga,merapigolfjogja
wisatakeluarga,merapigolf
wisatakeluarga,kebun buah mangunan
wisatakeluarga,kebunbuahmangunan
wisatakeluarga,pemandiantanjungsari
wisatakeluarga,pemandian tanjungsari
wisatakeluarga,alkid
wisatakeluarga,alunalunkidul
wisatakeluarga,sekaten
wisatakeluarga,alunalunutara
wisatakeluarga,alun
wisatakeluarga,alun alun
wisatakeluarga,sekaten
wisatakeluarga,tamanpelangijgj
wisatakeluarga,tamanlampion
wisatakeluarga,taman lampion
wisatakeluarga,Taman pelangi
wisatakeluarga,rainbowpark
wisatakeluarga,taman lampion
wisatakeluarga,jogjabay
wisatakeluarga,jogjabaywaterpark
wisatakeluarga,waterpark
wisatakeluarga,jogjapiratebay
wisatakeluarga,pirate
wisatakeluarga,piratebay
wisatakeluarga,jogjabay
wisatakeluarga,promojogjabay
wisatakeluarga,waterpark water park
wisatakeluarga,upside down
wisatakeluarga,upside down
wisatakeluarga,upsidedownworld
wisatakeluarga,upsidedownjogja
wisatakeluarga,upsidedownworldjogja
wisatakeluarga,kusumaedupark
wisatakeluarga,sindukusumaedupark
wisatakeluarga,sindu kusuma edupark
wisatakeluarga,eduparkkusuma
wisatakeluarga,malioboro
wisatakeluarga,malioborojogja
wisatakeluarga,malioborostreet
wisatakeluarga,tamanpintar
wisatakeluarga,tamanpelangi
wisatakeluarga,glzoo
wisatakeluarga,taman pintar
wisatakeluarga,taman pintar
wisatakeluarga,gembiraloka
wisatakeluarga,glzoojogja
wisatakeluarga,gembiralokazoo
wisatakeluarga,gembiraloka zoo
wisatakeluarga,plasma nutfah
wisatakeluarga,kebunplasmanutfah
wisatakeluarga,plasmanutfah
wisatakeluarga,monjalijogja
wisatakeluarga,monumenjogjakembali
wisatakeluarga,monumen
wisatakeluarga,tamanrekreasikaliurang
wisatakeluarga,visitkaliurang
wisatakeluarga,kaliurangnationalpark
wisatakeluarga,merapinationalpark
wisatakeluarga,merapigolfjogja
wisatakeluarga,merapigolf
wisatakeluarga,kebun buah mangunan
wisatakeluarga,kebunbuahmangunan
wisatakeluarga,pemandiantanjungsari
wisatakeluarga,pemandian tanjungsari
wisatakeluarga,alkid
wisatakeluarga,alunalunkidul
wisatakeluarga,sekaten
wisatakeluarga,alunalunutara
wisatakeluarga,alun alun
wisatakeluarga,alun
wisatakeluarga,malioborostreet
wisataalam,lereng merapi
wisataalam,lerengmerapi
wisataalam,air terjun srigethuk
wisataalam,rivertubingpusur tubing
wisataalam,tlogoputri
wisataalam,kaliadem
wisataalam,lavatour lava
wisataalam,wisata alam
wisataalam,jeepwisata
wisataalam,Merapi lavatour
wisataalam,merapilavatour
wisataalam,lavatourmerapi
wisataalam,goa selarong
wisataalam,curug selarong
wisataalam,curugselarong
wisataalam,goaselarong
wisataalam,goa selarong
wisataalam,goacerme
wisataalam,goa cerme
wisataalam,hutan pinus
wisataalam,hutanpinus
wisataalam,waduk sermo
wisataalam,waduksermo
wisataalam,waduk sermo
wisataalam,goakiskendo
wisataalam,goa kiskendo
wisataalam,goa kiskendo
wisataalam,arusprogoid
wisataalam,Arus progo
wisataalam,arusprogoid
wisataalam,rafting jeram
wisataalam,gunung
wisataalam,gununggambar
wisataalam,watu lumbung
wisataalam,bukit watulumbung
wisataalam,kali suci
wisataalam,cave tubing kalisuci
wisataalam,kalisucicavetubing
wisataalam,cavetubingkalisuci
wisataalam,goa kalisuci cave tubing
wisataalam,goakalisuci
wisataalam,goa pindul
wisataalam,goapindul
wisataalam,srigethuk
wisataalam,srigethukid
wisataalam,srigethukgk
wisataalam,air terjun srigethuk
wisataalam,Srigethuk gk
wisataalam,visitsrigethuk
wisataalam,wisatableberan
wisataalam,airterjunsrigethuk
wisataalam,Gunung api purba
wisataalam,gunungapipurba
wisataalam,gunungnglanggeran
wisataalam,merapi
wisataalam,gunungmerapi
wisataalam,merapivolcano
wisataalam,nglanggeran
wisataalam,gunung glanggeran
wisataalam,embung nganggeran
wisataalam,Nglanggeran sd
wisataalam,Gng nglanggeran
wisataalam,bukit bintang
wisataalam,bukitbintang
wisataalam,bukit bintang
wisataalam,tlogo muncar
wisataalam,tlogo nirmolo
wisataalam,tlogoputri
wisataalam,tlogomuncar
wisataalam,tlogonirmolo
wisataalam,nglinggo
wisataalam,curug nglinggo
wisataalam,curugnglinggo
wisataalam,curugsidoarjo
wisataalam,puncaksuroloyo
wisataalam,kebun curug puncak suroloyo
wisataalam,curug sidoarjo suroloyo
wisataalam,watu jonggol
wisataalam,watujonggol
wisataalam,banyunibo
wisataalam,banyutibo
wisataalam,puncak kosakora
wisataalam,puncakkosakora
wisataalam,goa jomblang cave
wisataalam,goajomblang
wisataalam,cavejomblang
wisataalam,jomblangcave
wisataalam,telaga biru semin
wisataalam,telagabirusemin
wisataalam,puncak becici
wisataalam,puncakbecici
wisataalam,bluelagoon
wisataalam,taman mudal
wisataalam,tamansungaimudal
wisataalam,embung batara srinten
wisataalam,embungbatarasrinten
wisataalam,airterjunlepo
wisataalam,kedung pedut
wisataalam,kedungpedut
wisataalam,goa kidang
wisataalam,goakidang
wisataalam,cavekidang
wisataalam,kidangcave
wisataalam,gunungireng
wisataalam,hutanwanagama
wisataalam,wanagama
wisataalam,citraelo
wisataalam,goa rancangkencono
wisataalam,goarancangkencono
wisataalam,lereng merapi
wisataalam,lerengmerapi
wisataalam,tlogo
wisataalam,tlogoputri
wisataalam,kaliadem
wisataalam,lavatour
wisataalam,lava
wisataalam,jeepwisata
wisataalam,Merapi lavatour
wisataalam,merapilavatour
wisataalam,lavatourmerapi
wisataalam,goa selarong
wisataalam,curug selarong
wisataalam,curugselarong
wisataalam,goaselarong
wisataalam,goa selarong
wisataalam,goacerme
wisataalam,goa cerme
wisataalam,hutan pinus
wisataalam,hutanpinus
wisataalam,nglanggeran
wisataalam,gunung glanggeran
wisataalam,embung nganggeran
wisataalam,Nglanggeran sd
wisataalam,Gng nglanggeran
wisataalam,bukit bintang
wisataalam,bukitbintang
wisataalam,bukit bintang
wisataalam,tlogo muncar
wisataalam,tlogo nirmolo
wisataalam,tlogoputri
wisataalam,tlogomuncar
wisataalam,tlogonirmolo
wisataalam,nglinggo
wisataalam,curug nglinggo
wisataalam,curugnglinggo
wisataalam,curugsidoarjo
wisataalam,puncaksuroloyo
wisataalam,kebun curug puncak suroloyo
wisataalam,curug sidoarjo suroloyo
wisataalam,watu jonggol
wisataalam,watujonggol
wisataalam,wisata alam kalibiru
pantai,parangtritis
pantai,parangtritisbeach
pantai,pantai parang tritis
pantai,pantaiparangtritis
pantai,beach
pantai,pantai samas
pantai,samas
pantai,samasbeach
pantai,pantaisamas
pantai,pantaikwaru
pantai,pantaibaru
pantai,pantaigoacemara
pantai,goacemara beach
pantai,pantai goa cemara
pantai,goacemarabeach
pantai,pantai pandansimo
pantai,pantaipandansimo
pantai,pandansimobeach
pantai,gumuk pasir
pantai,gumukpasir
pantai,sandboard sandboarding
pantai,pantai glagah
pantai,glagahbeach
pantai,pantaiglagah
pantai,pantai trisik
pantai,pantaitrisik
pantai,trisikbeach
pantai,pantaicongot
pantai,pantai congot
pantai,congotbeach
pantai,pantai baron
pantai,pantaibaron
pantai,baronbeach
pantai,pantai pok tunggal
pantai,pantai poktunggal
pantai,pantaipoktunggal
pantai,poktunggalbeach
pantai,pantai siung
pantai,pantaisiung
pantai,siungbeach
pantai,pantai wedi ombo
pantai,pantai wediombo
pantai,pantaiwediombo
pantai,wediombobeach
pantai,pantaisadeng
pantai,pantai sadeng
pantai,sadengbeach
pantai,pantai ngrenehan
pantai,pantaingrenehan
pantai,pantai ngrenean
pantai,pantaingerean
pantai,ngreneanbeach
pantai,pantai parangkusumo
pantai,pantaiparangkusumo
pantai,parangkusumobeach
pantai,pantai indrayanti
pantai,pantaiindrayanti
pantai,indrayantibeach
pantai,pantai ngandong
pantai,pantaingandong
pantai,ngandongbeach
pantai,pantai nglambor
pantai,pantainglambor
pantai,nglamborbeach
pantai,pantai jungwok
pantai,pantaijungwok
pantai,jungwokbeach
pantai,pantai ngobaran
pantai,pantaingobaran
pantai,ngobaranbeach
pantai,pantai jogan
pantai,panjaijogan
pantai,joganbeach
pantai,pantai drini
pantai,pantaidrini
pantai,drinibeach
pantai,pantai ngongap
pantai,ngongapbeach
pantai,pantai krakal
pantai,pakaikrakal
pantai,krakalbeach
pantai,pantai kesirat
pantai,pantaikesirat
pantai,kesiratbeach
pantai,pantai sadranan
pantai,pantaisadranan
pantai,sadrananbeach
pantai,barubeach
pantai,pantai sundak
pantai,pantaisundak
pantai,sundakbeach
pantai,pantai sepanjang
pantai,pantaisepanjang
pantai,sepanjangbeach
pantai,pantai kukup
pantai,pantaikukup
pantai,kukupbeach
pantai,pantai depok
pantai,pantaidepok
pantai,depokbeach
pantai,parangtritis
pantai,parangtritisbeach
pantai,pantai parang tritis
pantai,pantaiparangtritis
pantai,beach
pantai,pantai samas
pantai,samas
pantai,samasbeach
pantai,pantaisamas
pantai,pantaikwaru
pantai,pantaibaru
pantai,pantaigoacemara
pantai,goacemara beach
pantai,pantai goa cemara
pantai,goacemarabeach
pantai,pantai pandansimo
pantai,pantaipandansimo
pantai,pandansimobeach
pantai,gumuk pasir
pantai,gumukpasir
pantai,sandboard sandboarding
pantai,pantai glagah
pantai,glagahbeach
pantai,pantaiglagah
pantai,pantai trisik
pantai,pantaitrisik
pantai,trisikbeach
pantai,pantaicongot
pantai,pantai congot
pantai,congotbeach
pantai,pantai baron
pantai,pantaibaron
pantai,baronbeach
pantai,pantai pok tunggal
pantai,pantai poktunggal
pantai,pantaipoktunggal
pantai,poktunggalbeach
pantai,pantai siung
pantai,pantaisiung
pantai,siungbeach
pantai,pantai wedi ombo
pantai,pantai wediombo
pantai,pantaiwediombo
pantai,wediombobeach
pantai,pantaisadeng
pantai,pantai sadeng
pantai,sadengbeach
pantai,pantai ngrenehan
pantai,pantaingrenehan
pantai,pantai ngrenean
desawisata,wisata dipowinatan
desawisata,kampungwisatadipowinatan
desawisata,dipowinatan dipowisata
desawisata,wisata brayut
desawisata,desawisatabrayut
desawisata,dewibrayut
desawisata,dewibrayut
desawisata,desabrayut
desawisata,brayutvillage
desawisata,desawisatatanjung
desawisata,desa wisata tanjung
desawisata,desatanjung
desawisata,desa wisata grogol
desawisata,desawisatagrogol
desawisata,desagrogol
desawisata,grogolvillage
desawisata,desa plempoh
desawisata,desaplempoh
desawisata,desawisataplempoh
desawisata,plempoh
desawisata,plempohvillage
desawisata,desa wisata srowolan
desawisata,desawisatasrowolan
desawisata,desasrowolan
desawisata,banyu sumilir
desawisata,banyusumilir
desawisata,srowolan
desawisata,srowolanvillage
desawisata,Kembang
desawisata,kembangarumvillage
desawisata,desakembangarum
desawisata,desawisatakembangarum
desawisata,desawisata kembangarum
desawisata,garongan
desawisata,garonganvillage
desawisata,desagarongan
desawisata,desawisata garongan
desawisata,desawisatagarongan
desawisata,ketingan cebongan
desawisata,ketingan
desawisata,desawisataketingan
desawisata,ketinganvillage
desawisata,desaketingan
desawisata,dome
desawisata,rumahdome
desawisata,desawisatadome
desawisata,dome teletubbies
desawisata,teletubies
desawisata,desadome
desawisata,desateletubbies
desawisata,dometeletubbies
desawisata,kampungteletubbies
desawisata,desa bokesan
desawisata,desawisatabokesan
desawisata,desabokesan
desawisata,desa sukunan
desawisata,desasukunan
desawisata,sukunanvillage
desawisata,pancoh
desawisata,ekowisata pancoh
desawisata,ekowisatapancoh
desawisata,desawisatagabungan
desawisata,ledoknongko
desawisata,ledok nongko
desawisata,desa ldx ledoknongko
desawisata,desaledoknongko
desawisata,desaldx
desawisata,desawisatakelor
desawisata,desakelor
desawisata,kelorvillage
desawisata,pulesari
desawisata,wisatapulesati
desawisata,desapulesari
desawisata,desawisatapulesari
desawisata,desapulesariturisleman
desawisata,pulesarivillage
desawisata,pulesaritouristvillage
desawisata,pulesari village
desawisata,desawisatasendari
desawisata,desasendari
desawisata,desawisatagamplong
desawisata,desa gamplong
desawisata,gamplongvillage
desawisata,bajaroyo
desawisata,wadukminibanjaroyo
desawisata,banjarroyo
desawisata,desawisatanawung
desawisata,nawung
desawisata,desanawung
desawisata,tunggul
desawisata,tunggularum
desawisata,desawisatatunggularum
desawisata,tunggularum
desawisata,pentingsari
desawisata,desawisatapentingsari
desawisata,pentingsarivillage
desawisata,sidarejo
desawisata,cluluksidarejo
desawisata,desasidarejo
desawisata,desawisatasidarejo
desawisata,jatimulyo
desawisata,desajatimulyo
desawisata,desawisatajatimulyo
desawisata,jatimulyovillage
desawisata,gedangsari
desawisata,gedangsari
desawisata,desagedangsari
desawisata,desawisatagedangsari
desawisata,kedungmiri
desawisata,kedung miri
desawisata,kedungmirivillage
desawisata,desawisatakedungmiri
desawisata,desakedungmiri
desawisata,kedungmirisriharjo
desawisata,"touristvillage,sosrowijayan"
desawisata,sosrowijayan
desawisata,desawisatasosrowijayan
desawisata,kalicode
desawisata,kalicodevillage
desawisata,desawisatakasongan
desawisata,kasongan
desawisata,desa wisata sambi
desawisata,desa wisata tembi
desawisata,desa wisata kembang arum
desawisata,desa wisata gabungan
desawisata,dipowinatan
desawisata,desa wisata kelor
desawisata,desa wisata grogol
desawisata,desa wisata sukunan
desawisata,desa wisata jamur
desawisata,desa wisata nglinggo
desawisata,desa wisata krebet pajangan
desawisata,desa wisata brajan
desawisata,desa wisata bokesan
desawisata,desa wisata manding
desawisata,desa wisata new ngelepen
desawisata,pentingsari
desawisata,kasongan
desawisata,sukunan
desawisata,krebet pajangan
desawisata,manding
desawisata,ngelepen
desawisata,desa wisata jelok
desawisata,desa krebet
desawisata,Desa Wisata Trumpon Tempel Sleman 
desawisata,desa wisata KALAK IJO
desawisata,desawisatakalakijo
desawisata,kalakijo
desawisata,desakalakijo
tidaktahu,Crew dan semua pekerjaan akan selesai gotongroyong
tidaktahu,Duh dap sesuk wes senin
tidaktahu,Daun tidak pernah membenci angin yang selalu menjatuhkannya
tidaktahu,Alay satu masa yg belum boleh dihilangkan untuk mengatasi kejenuhan
tidaktahu,Menghayal + Kerja keras + Doa = Kenyataan . Itu kata abang
tidaktahu,Yakin masih mau nyakitin
tidaktahu,"Islam gak perlu di-bela2 sdh dilindungi oleh Yang Maha Kuasa, bukan manusia"
tidaktahu,tega bngt kl sampe terjadi penembakan mereka kan berjihad membela al-qur'an seharusnya
tidaktahu,Mereka yg tidak pernah lelah utk selalu banting tulang dalam mencari nafkah utk memenuhi kebutuhanku
tidaktahu,"Aku mencintaimu, biarlah, itu urusanku. Bagaimana kamu kepadaku, terserah, itu urusanmu"
tidaktahu,Hayo pancen kudu digawe penak
tidaktahu,"Rasah ngganggu uripku, rasah ngganggu kekancanku."
tidaktahu,I miss you :*
tidaktahu,ayam goreng Ayam Goreng Kampung Kasmo
tidaktahu,Makan ayam enak Ayam Rempah  Bebek Goreng Pak Roso 
tidaktahu,Warung 
tidaktahu,Sop ayam pak min 
tidaktahu,Japanese Resto
tidaktahu,NoodlesNowRestaurant
tidaktahu,sarapan Jank Jank Wings Lovers
tidaktahu,steakholycow steak
tidaktahu,Rajanya Steak
tidaktahu,Waroeng Pohon Omah Sawah
tidaktahu,tahu tempe The Embassy of  DIRTY CHICKS
tidaktahu,Mie Ongklok
tidaktahu,1st culinary Sate Kambing
tidaktahu,Waroeng Pohon Omah Sawah
tidaktahu,Lunch Bebek Goreng H. Slamet
tidaktahu,Sudah kenyang Pelem Golek Restaurant
tidaktahu,Solaria
tidaktahu,mulai lapar
tidaktahu,Bakso Malang
tidaktahu,Mie Ayam Baso Mas Dandung
tidaktahu,Ginger Resto 
tidaktahu,Mie Bandung Kridosono
tidaktahu,Bakso Alex
tidaktahu,Bakso Rusuk Salad
tidaktahu,Gudeg Mangut Lele Geneng
tidaktahu,calaistea
tidaktahu,expresso Kopine Eyang
tidaktahu,sarapan Jank Jank Wings Lovers
tidaktahu,Kopi bjongngopi
tidaktahu,McDonald's
tidaktahu,Studio kopi
tidaktahu,Leker Gajahan Pak Fathoni 
tidaktahu,Markobar
tidaktahu,chachamilktea 
tidaktahu,Kopi Klotok Pakem
tidaktahu,Jasjus Juice
tidaktahu,Lunch Batagor  Siomay Mang Edi
tidaktahu,Susu Mbok Sri 
tidaktahu,Dawet Ayu Kang Siput
tidaktahu,Gorengan Ibu Wagimin
tidaktahu,Kedai IQ 
tidaktahu,Il Tempo Del Gelato 
tidaktahu,mcdonalds_id mcdonalds_id
tidaktahu,ice cream Il Tempo Del Gelato
tidaktahu,The Harvest Patissier Chocolatier
tidaktahu,Tong Tji Tea House
tidaktahu,pizza pizza_hutid
tidaktahu,Food Court  KFC
tidaktahu,ChaCha Milktea
tidaktahu,coffee cafe 
tidaktahu,Blackpaper Butter Rice playgroundcafe 
tidaktahu,kurniasari_pia 
tidaktahu,FOOD GARDEN
tidaktahu,green tea  choco banana Tempo Gelato Yogyakarta
tidaktahu,Coconuts Cafe 
tidaktahu,Tea time foodstepsjournal
tidaktahu,Warung Kopi coffee
tidaktahu,Melcosh Merapi Lounge And Coffee Shop
tidaktahu,Ngopi  Warung Kopi Indra
tidaktahu,Siomay Kang Cepot
tidaktahu,"Setiap saat hadir dalam pikiran,, sebuah bayangan akan diri mu"
tidaktahu,"mau diapakan juga, pipiku tetaplah gembil"
tidaktahu,Slowly for everything 
tidaktahu,Maaf kalo ada yang hilang
tidaktahu,Berdua berasa jomblo
tidaktahu,Ampuni kami yaAllah
tidaktahu,Ku yakin kau bisa ku yakin kau bisa menang
tidaktahu,abiss ini aku kasih..aku selesain kerjaanku dlu ye kaa 
tidaktahu,"ada gurunya dong. kenalkan nih, suhu colourfullboy . teguhrasyid "
tidaktahu,ajarkan aku tuk bisa dapat merangkai kata agar kamu kan percaya begitu kubutuh cinta. 
tidaktahu,"akankah masa itu dapat kurasa kembali? disaat aku pincang, dan butuh seseorang untuk membuatku "
tidaktahu,"alhamdulillah,kemarin santri putri dapat bantuan untuk menanggung biaya rumah sakit setelah opname karena sakit asm "
tidaktahu,"alhmdllh siang tadi bs sowan pngash pp. edi mancoro sala3, kh. mahfudz ridwan. smg beliau sll diberi ksehatan. "
tidaktahu,"aminofnfnfn asemm ki, awas kowe moro mung jaluk tulung, ora sudi nulungi aku "
tidaktahu,"ayah dari killer clown suka mukulin dia dan ngatain dia banci, bodoh, atau anak mama. "
tidaktahu,"bahagia itu tidak harus dipaksa, seperti kesedihan yang tidak harus dipendam. karena perasaan itu alami, datang dan pergi sesukanya. "
tidaktahu,"bebasbayar daftar gratis, mudah dijalankan, setiap transaksi dapat cashback. "
tidaktahu,Ling-Lung Kopi Eatery
tidaktahu,kfc solo square 
tidaktahu,kfcindonesia
tidaktahu,mcdonalds_id
tidaktahu,warkopmonggo
tidaktahu,warunk_upnormal 
tidaktahu,kfc solo square 
tidaktahu,kfcindonesia
tidaktahu,mcdonalds_id
tidaktahu,warkopmonggo
tidaktahu,warunk_upnormal 
tidaktahu,carrefour_id
tidaktahu,daskell pink hd from fridaykillerco idr.265.00 for online order 08175234384 
tidaktahu,deardii bawal 
tidaktahu,destalidya86 mau bangett 
tidaktahu,dhinitaufik amiin.. makacih doanya sayang 
tidaktahu,"di sebenarnya ane syg sekali sma ente. tapi kelanjur, ente ""mutung"" . yo weslh "
tidaktahu,ehefindonesia thank you so much ehef2016 in yogyakarta! it was totally great and super cool event! can't wait for 
tidaktahu,Semar Nusantara Ambarukmo Plaza
tidaktahu,mirota kampus
tidaktahu,superindo
tidaktahu,hypermart
tidaktahu,hartono mall
tidaktahu,indogrossir
tidaktahu,lippoplazajogja
tidaktahu,mataharids
tidaktahu,plazaambarrukmo
tidaktahu,amplaz ambarukmo plaza
tidaktahu,Lippo Plaza Jogja
tidaktahu,solosquare_mall    
tidaktahu,jogjacitymall    
tidaktahu,Outlet Biru
tidaktahu,Malioboro Mall Jogjakarta  
tidaktahu,Belanja Pasar Giwangan    
tidaktahu,Mega Store Manahan Solo
tidaktahu,hartonomall_yk
tidaktahu,galeria mall
tidaktahu,hartono mall
tidaktahu,jogjacitymall    
tidaktahu,Dr. SHOE CLEAN  Shoes Bags Cleaning  Evil Vape.id
tidaktahu,Elizabeth Shoes Bags
tidaktahu,T-Shirt Maker clothing store
tidaktahu,Be Skin Clinic Care Esthetics
tidaktahu,Hunting lipstick  elsbeauty7
tidaktahu,natashaskincare
tidaktahu,Princess Skin and Body Care
tidaktahu,cupid_salon
tidaktahu,javabalitrips
tidaktahu,Outlet Biru
tidaktahu,ANDALAS MASSAGE
tidaktahu,pijat capek tenaga pria
tidaktahu,Victoria Bag
tidaktahu,OfficialAdele
tidaktahu,Berburuu kain Batik Benang Raja
tidaktahu,Arfa Barbershop
tidaktahu,Sky Bar Ibis Styles
tidaktahu,InfosonorasbyFM PeringatanDini BMKG Cuaca Jatim JatimPemprov
tidaktahu,Pemkot Solo gelontorkan dana Rp 10 Miliar dalam penyertaan modal Perusahaan Daerah Air Minum PDAM pada 2016. InfoAktual 
tidaktahu,Info sementara AAU dipersiapkan  kapolres masih terus diupayakan agar info lanjutan
tidaktahu,Dahlan Iskan resmi ditahan oleh Kejaksaan Tinggi Jawa Timur terkait penjualan aset milik PT Panca Wira Utama PWU InfoAktual
tidaktahu,Rano Karno berpamitan dan meninggalkan rumah dinas gubernur dikarenakan cuti masa kampanye InfoAktual
tidaktahu, info_suaraanda  humaskabklaten segera siapkan berkas tanah Anda hubungi hub Kades stempat setempat Prona2017
tidaktahu,Polres Pelabuhan Tanjung Priok mengamankan 245 orang yang diduga melakukan tindak kriminalitas di wilayah Tanjung Priok InfoAktual
tidaktahu,Yasonna Laoly menyatakan usulan pemerintah dalam draf RUU Pemilu terkait sistem proporsional tertutup tidak melanggar MK  InfoAktual
tidaktahu,acara MenemukanIndonesia akan diadakan BESOK  jadwalkan harimu 
tidaktahu,Mantan Wakil Bupati Ponorogo Jadi Buronan Jaksa  kompascom Hakim Polisi Kapolres 
tidaktahu,Kryawan karyawan Ayah Mirna datangi Dtangi Sdang sidang Jessica tuntut Tntut Justice for Mirna  kompascom  
tidaktahu,CNNIDconnected Sepertinya Hakim keadilan VonisJessica CNN 
tidaktahu,logo choco wht tees from fridaykillerco idr.135.00 for online order 08175234384 
tidaktahu,logo polar blck tees from fridaykillerco idr.135.00 for online order 08175234384 
tidaktahu,"lawan jorge sebenarnya vi ales Jorge kasih jarak setidaknya 25 poin dgn Vi , race ini"
tidaktahu,kemacetan macet kecelakaan infolalin infolalinjogja lalu lintas  
tidaktahu,Korean Street Food Festival
tidaktahu,SLEMAN MACET Ring Road Utara Elshinta
tidaktahu,Asian Festival
tidaktahu,Festival Jajanan Kekinian Jogja Expo Center
tidaktahu,Gowes
tidaktahu,jogging
tidaktahu,running
tidaktahu,fulsal
tidaktahu,jalan sehat
tidaktahu,car free day
tidaktahu,football
tidaktahu,sepak bola
tidaktahu,gowes
tidaktahu,fitness
tidaktahu,body builder
tidaktahu,Gym futsal codan batminton  
tidaktahu,Golden Futsal
tidaktahu,GOR gor uny gor_uny
tidaktahu,gor_uny
tidaktahu,GOR
tidaktahu,GOR
tidaktahu,Lapangan Basket
tidaktahu,Lapangan Ukrim
tidaktahu,lapangan bola
tidaktahu,Lapangan Pancasila
tidaktahu,Lapangan denggung
tidaktahu,nonton film movie xxisolosquare
tidaktahu,Solo Paragon XXI
tidaktahu,cinema21
tidaktahu,Cinema XX Lippo Plaza Jogja
tidaktahu,cgvblitz    
tidaktahu,CGV Blitz Cinema Hartono Mall Yogyakarta  
tidaktahu,xxisolosquare
tidaktahu,CINEMA21
tidaktahu,cinema21
tidaktahu,cinema21_
tidaktahu,movie box
tidaktahu,movie box gejayan
tidaktahu,moviebox
tidaktahu,Kalo marvel bikin film pasti gak bikin nyesel
tidaktahu,XXI EMPIRE JOGJA CITY MALL    
tidaktahu,CGV* Blitz Sahid J-Walk
tidaktahu,Watching Doctor Strange cinema21
tidaktahu,cinemaxx
tidaktahu,dahSyatMusik dahSyatMusik
tidaktahu,Puppy
tidaktahu,judul lagu judulnya myLANEband band perform manggung
tidaktahu,KongTwitterSingalong
tidaktahu,ngajogjazz jazz
tidaktahu,nge-fans AKB48
tidaktahu, lagimuter  afgansyah_reza  Pesan Cinta  LaguAsikPanorama  PanoramaSukaSuka
tidaktahu,monogram gry ls from fridaykillerco idr.145.00 for online order 08175234384 
tidaktahu,moore blk tees from fridaykillerco idr.145.00 for online order 08175234384 
tidaktahu,mungkin menyatukan 2milyar orang untuk marah itu mudah. tapi menyatukan hati dan pikiran diri sendiri untuk sabar? hnya orang hebat yang bisa 
tidaktahu,must. squat. 
tidaktahu,nah ternyata selama killer clown masih kecil sering ngalamin kekerasan dirumah angkringanfiesta 
tidaktahu,nama:kamu hobby:nge- foto pria yang badannya kotak2 dan ol shop 
tidaktahu,namaku_ariev iya kak padahal sudah lama hloo tgl pengumumannya huhuu 
tidaktahu,"nanti pulangnya nyetir sendiri tidak boleh ngantuk ,, "
tidaktahu,nasty blk crn from fridaykillerco idr.235.00 for online order 08175234384 
tidaktahu,ndaar lah..emang besuk ada demo apaan? 
tidaktahu,ndoro ajoe 
tidaktahu,nek kowe pie? 
tidaktahu,nek ro aku ? 
tidaktahu,ngajak aku tidak bisa. ehh kok ngajak yang kain sih mas. hmm 
tidaktahu,"nggakikutdemo soalnya besok harus presentasi mata kuliah politik keuangan daerah :d , saat ini itu yang lebih penting :d :d "
tidaktahu,ngurahpradnya sekarang jadi pemerhati begituan ya nya? 
tidaktahu,njobone ceria jerone ambyar 
tidaktahu,oii queen 
tidaktahu,only know you love her when you let her go 
tidaktahu,optik pranoto [pic] 
tidaktahu,our baby linka on a beautiful smile linkapurihittanois. relationship goal yang kita pengen 
tidaktahu,nonstopdangdutmbs diansa jogjastreamers 
tidaktahu,tim vocal grup
tidaktahu,wasem musik e malah didangdut remix 
tidaktahu,officialmwave
tidaktahu,viandrafajar hardaprt masked294 gabyjkt48 ayajkt48_ uty_jkt48
tidaktahu,kinaljkt48 masih nanya lagi ya jelas nju shaniajkt48
tidaktahu,nonstopdangdutmbs aku bukan hidangan - mayang diansa jogjastreamers 
tidaktahu,"telkomcare layanan indihome usee, wifi, telepon di rumah kami tidak dpt digunakan sejak siang td. mohon perbaikan segera. sudah call 147.. "
tidaktahu,terharu sekali . ternyta masih ada yang peduli ma aku dearhaters 
tidaktahu,terimakasih buat semuanya yang sudah terlibat dalam kehidupan saya 
tidaktahu,terima kasih om sudah order adidas nitrocharge 4.0 blue di bukalapak 
tidaktahu,terima kasih tim atas perjuangan dan kerja kerasnya. kalian selalu luar biasa farmasicup2016 
tidaktahu,terlalu banyak pekerjaan untuk tidak memiliki koneksi internet mumpuni. 
tidaktahu,thank you irc tire who has continuously give us support through out kmhe 2016! irc_tire 
tidaktahu,"pengen ngefuck _.,"
tidaktahu,pengen tahu stock dari fridaykillerco check di sini.! 
tidaktahu,duta minang
tidaktahu,nowplaying zaralarsson - ain't my fault | whatsoncampus |
tidaktahu,Gaya ala ala model gitu..haha üòÑüòÑüòÅ
tidaktahu," tentang ""publishing"" 13 mei 2016 akberjogja1des throwback"
tidaktahu,kitoraang nguliah dulu  aisyiyahjogja
tidaktahu,membahagiakan.. dan berbahagialah..
tidaktahu,karena hatiku mengatakan kamu yang paling mengerti diantara yang mengerti dan hidupku berharap
tidaktahu,"naah kelas pak salmanfaridi besok tidak jauh jauh kok dari dunia tulis menulis.. ""how to tailor u'r content"" akberjogja1des"
tidaktahu,"ratu_adil kabulbudisantos tahun 1987 berarti kumisnya masih hitam, wajahnya masih imut"
tidaktahu,hari ini banyak uang terbuang sia sia percuma
tidaktahu,ngisi tenaga bale bebakaran
tidaktahu,"penyanyi cover yang pertama, yakni mike tompkins. cowok ganteng yang hobi beatboxing ini adalah lulusan oiart loh funcover"
tidaktahu,jet lagged kakak emang baiik
tidaktahu,miras coeg
tidaktahu,"buat yang punya impian jadi penulis atau apapu yang berbau tentang itu,paas sekali kan kelas kaberjogja kali ini : akberjogja1des"
tidaktahu,at perpustakaan fib ugm
tidaktahu,the discourses diskursus merupakan testamen politik machiavelli yang paling lengkap
tidaktahu,keyboard e njirr.yy
tidaktahu,seputih sebersih seragammu seikhlas setulus hatiku dikaulah pengabdi sesama manusia penolong
tidaktahu,tumben makan siang bareng soto pak sholeh al-barokah
tidaktahu,masyudi masjid raya baiturrahman - miniatur masjid baiturrahman aceh mba
tidaktahu,suog mangkeli Promo domain setiap hari
tidaktahu,Nugas loby gu aa ykpn
tidaktahu,jangan bertanya dengan orang - orang yang sudah tiada alias mati
tidaktahu,brunch gudegyudjum
tidaktahu,semua karena ulah menungsonya dewe
tidaktahu,muaythai berujung gendats dira  mcdonalds_id
tidaktahu,aynatimtoni trirahmahsilviani novnovika elusyana
tidaktahu,cuus tunggu apa lagi langsung aja klik daftarnya
tidaktahu,kasmita sama itu mah
tidaktahu,repot urusannya wakakakakakkakakaka wkwkwkwkwkwk kwkwkwk
tidaktahu,"semoga dilancarkan segala urusannya oleh tuhan, dimudahkan dan dilapangkan rezekinya. amin."
tidaktahu,dokternya cakep-cakep ya yank
tidaktahu,aku gaperna ngojek kaak hehehehehe  pizza_hutid
tidaktahu,ia juga membuat video komedi dengan temannya
tidaktahu,pusing dek..tanggal tuo nggo banget
tidaktahu,saya enggan untuk berkompromi dengan kebahagiaan saya
tidaktahu,np pmjofficial - all about that bass funcover
tidaktahu,di live rounds thevoicekidsglobaltvseru liverounds kamu bisa ikut berpartisipasi mendukung kontestan favoritmu
tidaktahu,"yang tau"" aja 135k order: phone : 0271735076 wa: 08812978816 line : hoofd awesome blackberry messenger : 58212bf5"
tidaktahu,sopo sing temen tinemu pitutur friedrich nietzsche adalah filsuf modern yang paling disalah mengerti dan digambarkan dengan
tidaktahu,how to attract investor stereo desserts the westlake resort pusing gaiso garap at solosquare_mall
tidaktahu,"ritual dulu coldbrew  jogjastudent kadang-kadang hidup kita juga perlu ""ke-genit-an"" biar keren"
tidaktahu,alhamdulillah entuk sawangan smpn1skh selamat tahun amekyeah cilik dewe ganteng dewe troublemaker bank mandiri kcp stie ykpn
tidaktahu,yang nyidam mpe karatan at hot_naga quote h+8 at puskesmas trucuk 1 irfan bachdim berpisah dengan consadole sapporo
tidaktahu,foodcourt ugm graduationday makin lancar kedepan ya happy graduations graduation
tidaktahu,"beritasonorasbyfm: 12.02 wib : dalam semalam, empat titik longsor terjadi di gunungkidul okezonenews yos45"
tidaktahu,besok uas ok sip : with nurliyati at pantiesdiy jog_ap1
tidaktahu,"jangan lupa ""rolasan"" at iga bakar pak wid jaten tama udoon dan teman-temannyaa apa terlihat telor disana  lunch udon marugame"
tidaktahu,ketemu dugong eh brondong wkwkw  bungong jeumpa aceh kuliner
tidaktahu,take..take..take.. teruslah mengambil. ambillah seindah mungkin sebanyak mungkin sesering
tidaktahu,foodcourt food court
tidaktahu,
